{"_id":"L005","name":"Jane Austen","dept":"CIV"}
{"_id":"L006","name":"Alan Turing","dept":"COM"}
{"_id":"L009","name":"Stephen Rea","dept":"MAT"}
{"_id":"L007","name":"William Gates","dept":"COM"}
{"_id":"L011","name":"Billy Wordsmith","dept":"ENG"}
{"_id":"L004","name":"Bob McPadden","dept":"CIV"}
{"_id":"L013","name":"Tina Quinn","dept":"SOC"}
{"_id":"L010","name":"John McGahern","dept":"ENG"}
{"_id":"L012","name":"Jim Costello","dept":"MEC"}
{"_id":"L003","name":"Damien Teirnan","dept":"ART"}
{"_id":"L001","name":"Ronan Collins","dept":"ART"}
{"_id":"L008","name":"Stephen Jobs","dept":"COM"}
{"_id":"L002","name":"John F. Murray","dept":"ART"}
